Player,GP,PTS,REB,AST,STL,BLK,FG3M,TOV,40-Point Games,50-Point Games,Double Doubles,Triple Doubles,Total Fantasy Points,Fantasy Points Per Game
Nikola Jokić,74,2004,1019,584,109,63,97,281,3,0,66,19,2823.5,38.16
Giannis Antetokounmpo,67,2002,778,388,72,91,71,219,10,1,46,4,2374.5,35.44
Joel Embiid,68,2079,796,284,77,99,93,214,13,1,46,2,2368.0,34.82
Luka Dončić,65,1847,593,568,75,36,201,292,6,1,44,10,2186.0,33.63
LeBron James,56,1695,459,349,73,59,161,196,3,2,21,6,1842.0,32.89
Dejounte Murray,68,1438,563,627,138,23,96,180,0,0,39,13,2164.0,31.82
Kevin Durant,55,1643,407,351,48,52,115,191,4,3,18,4,1679.0,30.53
James Harden,65,1432,500,667,82,36,148,284,0,0,42,11,1973.0,30.35
Anthony Davis,40,927,394,122,49,90,13,82,0,0,19,0,1201.0,30.02
Karl-Anthony Towns,74,1818,727,269,72,83,150,226,2,1,40,1,2109.0,28.5
Jayson Tatum,76,2046,609,334,75,49,230,217,5,2,22,0,2141.0,28.17
Rudy Gobert,66,1027,968,72,45,137,0,119,0,0,53,0,1851.5,28.05
Trae Young,76,2155,284,737,72,7,233,303,10,1,42,0,2123.0,27.93
Domantas Sabonis,62,1171,752,323,59,27,39,195,1,0,46,5,1714.0,27.65
Paul George,31,754,213,176,67,13,91,126,2,0,7,0,854.5,27.56
Pascal Siakam,68,1551,580,360,85,42,75,181,1,0,30,2,1861.0,27.37
Kyrie Irving,29,796,127,167,41,17,100,73,4,2,2,0,793.0,27.34
Stephen Curry,64,1630,335,404,85,23,285,206,7,1,12,2,1730.5,27.04
LaMelo Ball,75,1508,501,571,119,30,220,245,0,0,23,5,2022.0,26.96
Ja Morant,57,1564,325,384,66,22,88,196,6,1,10,1,1534.0,26.91
Nikola Vučević,73,1288,804,236,70,71,104,136,0,0,44,0,1926.0,26.38
Julius Randle,72,1447,716,370,53,39,120,245,1,0,31,1,1842.5,25.59
Chris Paul,65,958,283,702,121,20,63,153,0,0,34,2,1662.5,25.58
Shai Gilgeous-Alexander,56,1371,278,331,71,46,89,154,0,0,6,1,1427.0,25.48
Devin Booker,68,1822,342,329,77,26,183,162,4,0,5,0,1726.5,25.39
Bam Adebayo,56,1068,564,190,80,44,0,148,0,0,27,0,1415.0,25.27
Fred VanVleet,65,1320,289,434,111,35,242,170,0,0,10,1,1638.0,25.2
Jaylen Hoard,7,103,84,17,6,5,9,8,0,0,4,0,175.0,25.0
Jimmy Butler III,57,1219,336,312,94,27,27,121,0,0,12,4,1412.0,24.77
Kristaps Porziņģis,51,1030,411,119,37,84,78,81,0,0,15,0,1260.0,24.71
Donovan Mitchell,67,1733,282,358,99,12,232,200,0,0,3,0,1647.5,24.59
DeMar DeRozan,76,2118,392,374,68,24,50,181,5,1,6,0,1865.0,24.54
Christian Wood,68,1218,686,155,54,65,131,126,0,0,33,0,1660.5,24.42
Damian Lillard,29,695,120,212,17,11,92,83,1,0,8,0,707.5,24.4
Jonas Valančiūnas,74,1314,843,190,41,60,57,179,0,0,50,0,1791.5,24.21
Miles Bridges,80,1613,559,300,74,67,154,150,0,0,15,0,1889.5,23.62
Darius Garland,68,1473,224,583,89,7,174,248,1,0,29,1,1606.5,23.62
Jarrett Allen,56,904,602,92,44,75,1,94,0,0,32,0,1322.5,23.62
Russell Westbrook,78,1441,580,550,75,20,79,295,0,0,28,10,1833.0,23.5
Tyrese Haliburton,77,1181,311,628,134,49,161,199,0,0,25,0,1802.0,23.4
Bradley Beal,40,928,189,265,36,15,63,135,0,0,4,0,920.5,23.01
Jrue Holiday,67,1225,301,457,108,29,132,183,1,0,12,0,1540.5,22.99
Brandon Ingram,55,1246,320,307,34,26,74,151,1,0,7,0,1264.0,22.98
Jaylen Brown,66,1559,404,231,70,18,166,178,2,1,11,2,1513.5,22.93
Jusuf Nurkić,56,842,619,157,62,34,15,143,0,0,30,0,1283.5,22.92
CJ McCollum,62,1370,269,315,70,22,182,127,0,0,3,0,1420.0,22.9
Clint Capela,74,820,877,92,55,93,0,44,0,0,35,0,1666.0,22.51
Wendell Carter Jr.,62,931,648,171,36,43,70,117,0,0,33,0,1393.5,22.48
Jakob Poeltl,68,915,634,189,45,118,1,109,0,0,28,0,1526.0,22.44
Kyle Kuzma,66,1130,561,233,42,57,128,169,0,0,24,1,1478.0,22.39
Anthony Edwards,72,1533,343,275,105,46,215,190,3,0,4,0,1611.0,22.38
Robert Williams III,61,607,588,121,56,134,0,63,0,0,25,1,1356.5,22.24
De'Aaron Fox,59,1367,231,330,68,25,74,168,2,0,5,0,1306.5,22.14
Khris Middleton,66,1325,356,358,76,18,162,190,1,0,4,0,1460.5,22.13
Zach LaVine,67,1635,308,303,41,23,185,171,0,0,0,0,1478.0,22.06
Deandre Ayton,58,997,593,84,40,40,7,91,0,0,30,0,1278.0,22.03
Terry Rozier,73,1408,315,326,93,25,222,96,0,0,3,1,1601.0,21.93
Malcolm Brogdon,36,687,185,212,30,14,58,77,0,0,6,1,788.5,21.9
Lonzo Ball,35,455,190,178,64,31,110,82,0,0,3,1,763.5,21.81
Evan Mobley,69,1034,570,174,56,115,23,133,0,0,21,0,1502.5,21.78
Myles Turner,42,540,297,44,28,118,61,54,1,0,9,0,889.5,21.18
Cade Cunningham,64,1114,354,356,78,43,114,234,0,0,10,2,1346.0,21.03
D'Angelo Russell,65,1176,216,460,62,22,176,165,0,0,12,0,1367.0,21.03
Scottie Barnes,74,1134,557,256,80,55,58,136,0,0,13,0,1556.0,21.03
Josh Giddey,54,674,421,345,51,20,56,171,0,0,16,4,1126.0,20.85
John Collins,54,876,422,98,33,56,64,60,0,0,16,0,1124.0,20.81
Jaren Jackson Jr.,78,1272,454,86,73,177,128,130,0,0,7,0,1617.0,20.73
Tobias Harris,73,1257,496,252,47,43,101,116,0,0,9,1,1502.0,20.58
Bobby Portis,72,1052,657,86,53,51,133,90,0,0,24,0,1477.5,20.52
Zavier Simpson,4,44,21,30,5,4,1,10,0,0,0,0,81.5,20.38
Josh Hart,54,807,388,224,61,13,73,114,1,0,12,0,1099.0,20.35
OG Anunoby,48,822,264,125,71,25,115,80,0,0,3,0,972.5,20.26
Kyle Lowry,63,844,282,474,67,17,144,168,0,0,16,2,1270.0,20.16
Al Horford,69,701,530,232,49,92,89,65,0,0,15,0,1389.0,20.13
Draymond Green,46,346,336,320,61,50,16,139,0,0,4,1,926.0,20.13
Cole Anthony,65,1062,348,369,46,17,132,170,0,0,9,0,1279.0,19.68
Tyler Herro,66,1367,329,263,44,8,175,174,0,0,3,0,1296.0,19.64
Kevin Porter Jr.,61,949,267,376,69,22,155,192,0,0,10,1,1197.0,19.62
Desmond Bane,76,1384,334,208,92,29,228,111,0,0,0,0,1479.0,19.46
RJ Barrett,70,1402,408,208,43,16,138,151,1,0,4,0,1358.0,19.4
Klay Thompson,32,652,125,88,16,17,114,43,1,0,0,0,620.0,19.38
Jerami Grant,47,904,191,111,44,49,91,85,1,0,1,0,902.5,19.2
Ricky Rubio,34,445,141,225,49,7,59,90,0,0,5,0,645.0,18.97
Mo Bamba,71,756,572,85,38,118,107,77,0,0,20,0,1343.5,18.92
Steven Adams,76,528,760,256,65,60,0,115,0,0,14,0,1429.0,18.8
Saddiq Bey,82,1321,441,233,73,16,211,96,1,1,6,0,1530.0,18.66
Keldon Johnson,75,1278,457,158,58,14,159,92,0,0,6,0,1391.5,18.55
Gary Trent Jr.,70,1283,191,141,122,19,209,73,2,0,0,0,1289.0,18.41
Andrew Wiggins,73,1256,325,161,76,51,157,111,0,0,1,0,1336.5,18.31
Tyrese Maxey,75,1311,240,321,55,32,132,88,0,0,1,0,1369.5,18.26
Marcus Smart,71,861,270,417,119,18,119,159,0,0,2,0,1294.0,18.23
Gordon Hayward,49,778,224,177,47,22,86,81,1,0,1,0,892.0,18.2
Mitchell Robinson,72,610,617,38,58,133,0,60,0,0,20,0,1302.0,18.08
Mike Conley,72,986,217,385,96,21,169,123,0,0,2,0,1292.5,17.95
Caris LeVert,58,986,214,248,51,23,82,108,1,0,1,0,1038.0,17.9
Jordan Poole,76,1405,260,304,60,23,211,187,0,0,2,0,1353.0,17.8
Will Barton,71,1043,340,276,55,31,157,127,0,0,1,0,1262.0,17.77
Andre Drummond,73,580,680,131,78,68,0,115,0,0,18,0,1296.0,17.75
Jalen Brunson,79,1285,309,377,66,3,94,124,0,0,7,0,1396.5,17.68
Derrick Walton Jr.,3,19,10,21,7,4,3,11,0,0,0,0,53.0,17.67
Reggie Jackson,75,1263,271,359,55,15,167,173,0,0,5,0,1317.0,17.56
Kevin Love,74,1007,536,160,26,18,187,98,0,0,15,0,1298.0,17.54
Harrison Barnes,77,1265,432,186,53,14,142,118,0,0,5,0,1342.5,17.44
Derrick White,75,992,261,366,64,58,115,119,0,0,2,0,1307.5,17.43
Bogdan Bogdanović,63,950,250,194,68,14,169,70,0,0,0,0,1097.5,17.42
Spencer Dinwiddie,67,919,279,346,44,13,112,104,0,0,7,1,1159.5,17.31
Norman Powell,45,853,145,96,42,21,106,69,0,0,0,0,777.5,17.28
Buddy Hield,81,1265,353,229,73,25,262,153,0,0,1,0,1389.5,17.15
Aaron Gordon,75,1126,439,188,44,44,87,133,0,0,6,0,1282.5,17.1
Lauri Markkanen,61,900,345,81,45,30,136,54,0,0,3,0,1043.0,17.1
Dillon Brooks,32,590,102,88,36,8,46,50,0,0,0,0,546.0,17.06
Ivica Zubac,76,785,644,120,36,77,0,114,0,0,25,0,1293.5,17.02
Patrick Beverley,58,533,240,268,67,52,83,73,0,0,2,0,983.0,16.95
Franz Wagner,79,1197,356,231,68,34,96,119,0,0,2,0,1320.5,16.72
Mikal Bridges,82,1162,347,185,96,36,115,68,0,0,0,0,1366.5,16.66
Luguentz Dort,51,877,212,88,46,18,130,88,0,0,0,0,843.5,16.54
Robert Covington,71,604,391,92,103,91,128,75,1,0,1,0,1164.0,16.39
Alec Burks,81,944,397,239,85,26,157,91,0,0,2,0,1319.5,16.29
Jarred Vanderbilt,74,512,624,94,99,46,2,73,0,0,8,0,1200.0,16.22
Darius Bazley,69,745,436,97,58,70,80,90,0,0,7,0,1118.5,16.21
Anfernee Simons,57,988,151,221,30,6,179,115,1,0,2,0,915.5,16.06
De'Anthony Melton,73,791,328,194,104,39,139,112,0,0,2,0,1163.0,15.93
Mason Plumlee,73,477,565,226,61,52,0,100,0,0,7,0,1162.5,15.92
Isaiah Stewart,71,589,617,82,22,78,15,85,0,0,12,0,1128.0,15.89
Seth Curry,64,960,200,230,53,14,158,109,0,0,1,0,1015.0,15.86
P.J. Washington,65,668,337,147,57,61,110,82,0,0,3,0,1030.0,15.85
Devin Vassell,71,872,306,136,76,41,137,58,0,0,1,0,1123.5,15.82
Montrezl Harrell,71,932,431,145,29,43,4,72,0,0,7,0,1123.0,15.82
Kelly Oubre Jr.,76,1137,302,84,77,31,191,67,0,0,1,0,1200.0,15.79
Jae'Sean Tate,78,919,420,222,72,41,63,139,0,0,7,0,1227.0,15.73
Bojan Bogdanovic,69,1248,296,120,34,1,181,118,0,0,3,0,1085.5,15.73
Jae Crowder,67,632,354,124,95,30,127,55,0,0,1,0,1053.5,15.72
Jalen Green,67,1157,226,176,44,18,157,135,1,0,0,0,1049.0,15.66
Marcus Morris Sr.,54,830,239,113,28,18,101,69,0,0,2,0,842.5,15.6
Jordan Clarkson,79,1266,273,194,66,16,190,129,1,0,1,0,1232.0,15.59
Tim Hardaway Jr.,42,598,156,92,38,6,102,34,0,0,0,0,652.0,15.52
Monte Morris,75,945,226,333,56,14,124,78,0,0,0,0,1155.5,15.41
Michael Porter Jr.,9,89,59,17,10,2,10,12,0,0,1,0,138.5,15.39
Hassan Whiteside,65,534,494,26,22,103,0,53,0,0,14,0,998.0,15.35
Dorian Finney-Smith,80,880,375,150,88,39,172,80,0,0,1,0,1226.0,15.32
Dennis Schröder,64,867,214,296,53,8,86,143,0,0,1,0,966.5,15.1
Malik Monk,76,1048,256,218,61,29,173,122,1,0,1,0,1144.5,15.06
Chuma Okeke,70,605,347,118,97,42,118,57,0,0,3,0,1050.5,15.01
Carmelo Anthony,69,919,288,68,47,52,149,59,0,0,1,0,1030.0,14.93
Richaun Holmes,45,468,317,48,17,41,2,56,0,0,8,0,668.0,14.84
Brandon Clarke,64,666,342,86,39,68,5,34,0,0,4,0,947.5,14.8
Derrick Rose,26,311,78,103,22,12,37,39,0,0,0,0,384.0,14.77
LaMarcus Aldridge,47,607,258,42,14,47,14,44,0,0,2,0,690.5,14.69
Alex Caruso,41,304,148,165,71,15,42,57,0,0,1,0,602.0,14.68
Herbert Jones,78,742,296,167,130,60,57,100,0,0,1,0,1143.5,14.66
Marvin Bagley III,48,540,338,36,22,18,23,39,0,0,7,0,703.5,14.66
Alperen Sengun,72,692,393,185,59,68,29,145,0,0,8,0,1055.5,14.66
Cameron Johnson,66,822,273,99,57,16,166,47,0,0,0,0,965.0,14.62
Terance Mann,81,872,425,209,55,21,76,84,0,0,6,0,1182.0,14.59
Brandon Williams,24,309,74,94,24,10,31,58,0,0,2,0,350.0,14.58
Kyle Anderson,69,521,368,183,77,45,36,71,0,0,2,0,1004.5,14.56
Jalen Suggs,48,564,171,209,59,19,42,143,0,0,2,0,698.0,14.54
Otto Porter Jr.,63,515,362,94,68,29,80,37,0,0,5,0,915.5,14.53
Kentavious Caldwell-Pope,77,1018,261,145,83,26,159,97,0,0,2,0,1117.5,14.51
Devonte' Graham,76,902,177,316,71,12,192,105,0,0,0,0,1101.0,14.49
Evan Fournier,80,1125,210,171,79,20,241,105,1,0,0,0,1158.0,14.47
T.J. McConnell,27,229,90,131,29,10,10,29,0,0,1,0,390.5,14.46
Nassir Little,42,410,236,54,25,36,51,40,0,0,3,0,605.5,14.42
Bruce Brown,72,647,345,148,77,52,38,56,0,0,1,0,1038.5,14.42
Kris Dunn,14,106,49,79,23,3,1,32,0,0,0,0,201.5,14.39
Markelle Fultz,18,195,49,99,20,5,4,40,0,0,1,0,258.5,14.36
Chris Duarte,55,720,226,114,56,10,94,90,0,0,0,0,789.0,14.35
Frank Kaminsky,9,95,41,13,8,7,5,5,0,0,0,0,129.0,14.33
Chris Boucher,80,754,494,25,49,75,68,42,0,0,10,0,1146.0,14.32
Kevin Huerter,74,892,254,203,55,26,160,91,0,0,1,0,1055.0,14.26
Isaiah Roby,45,454,217,71,36,34,44,43,0,0,4,0,638.0,14.18
Cameron Payne,58,626,175,282,40,17,71,103,0,0,3,0,819.5,14.13
Eric Bledsoe,54,534,182,225,69,19,51,116,0,0,2,0,761.5,14.1
Daniel Gafford,72,677,407,68,30,99,0,65,0,0,8,0,1014.5,14.09
Brook Lopez,13,161,53,6,8,15,19,12,0,0,0,0,183.0,14.08
Isaiah Hartenstein,68,563,332,160,50,77,14,84,0,0,2,0,952.5,14.01
Kevon Looney,82,491,596,165,50,52,0,67,0,0,5,0,1148.5,14.01
Onyeka Okongwu,48,392,283,53,31,60,0,44,0,0,1,0,671.0,13.98
Kemba Walker,37,431,111,131,26,7,73,48,1,0,1,1,516.0,13.95
Hamidou Diallo,58,636,277,73,71,17,23,58,0,0,5,0,802.5,13.84
Royce O'Neale,77,570,368,191,86,32,119,79,0,0,3,0,1063.5,13.81
Nicolas Batum,59,491,254,100,58,42,108,40,0,0,0,0,813.5,13.79
Precious Achiuwa,73,664,473,82,37,41,56,84,0,0,6,0,993.0,13.6
Danilo Gallinari,66,771,308,101,28,12,112,38,0,0,2,0,894.5,13.55
Immanuel Quickley,78,882,247,275,54,3,137,99,0,0,4,2,1054.5,13.52
Maxi Kleber,59,411,350,68,30,58,83,47,0,0,2,0,796.0,13.49
Coby White,61,772,182,176,29,11,136,70,0,0,1,0,823.0,13.49
JaVale McGee,74,680,496,42,22,81,2,98,0,0,10,0,997.0,13.47
Davion Mitchell,75,861,166,313,55,24,101,114,0,0,3,0,1007.0,13.43
Deni Avdija,82,685,425,167,59,44,82,87,0,0,3,0,1097.5,13.38
Nic Claxton,47,410,264,43,24,51,0,38,0,0,4,0,628.0,13.36
Chimezie Metu,60,534,335,60,51,32,57,61,0,0,6,0,801.5,13.36
Willy Hernangomez,50,453,338,63,21,19,4,51,0,0,9,0,667.5,13.35
Kelly Olynyk,40,365,177,111,31,19,40,58,0,0,1,0,533.5,13.34
Cody Martin,71,544,285,179,88,32,61,61,0,0,0,0,945.5,13.32
Pat Connaughton,65,645,273,82,59,15,146,35,0,0,0,0,863.5,13.28
Victor Oladipo,8,99,23,28,5,1,15,16,1,0,1,0,106.0,13.25
Donte DiVincenzo,42,380,170,118,48,8,74,72,0,0,0,0,555.0,13.21
Luke Kennard,70,833,229,146,42,6,190,60,0,0,1,0,923.5,13.19
P.J. Tucker,71,539,387,149,58,15,80,66,0,0,5,0,930.5,13.11
Oshae Brissett,67,613,358,72,44,29,83,54,0,0,5,0,875.0,13.06
Jalen Smith,51,470,307,24,15,41,40,42,0,0,9,0,665.0,13.04
Tyus Jones,73,632,176,324,66,2,80,46,0,0,2,0,948.0,12.99
Killian Hayes,66,453,210,277,78,35,44,111,0,0,2,0,852.5,12.92
Grayson Allen,66,733,222,100,46,18,159,43,0,0,0,0,853.0,12.92
De'Andre Hunter,53,709,176,68,36,21,74,69,0,0,2,0,682.5,12.88
Collin Sexton,11,176,36,23,10,0,11,31,0,0,0,0,141.5,12.86
Talen Horton-Tucker,60,597,193,159,59,29,49,82,1,0,1,0,771.0,12.85
Larry Nance Jr.,46,321,248,81,43,20,23,37,0,0,0,0,590.0,12.83
Zach Collins,28,218,153,61,13,23,14,45,0,0,1,0,358.0,12.79
Malik Beasley,79,953,227,116,43,12,240,43,0,0,0,0,1006.5,12.74
Aleksej Pokusevski,61,464,318,131,39,38,57,94,0,0,5,1,776.5,12.73
Reggie Perry,10,92,47,12,9,6,3,11,0,0,1,0,126.5,12.65
Trey Lyles,75,786,379,88,29,32,67,73,0,0,3,0,945.5,12.61
DeMarcus Cousins,48,430,270,71,35,21,37,85,0,0,2,0,603.5,12.57
Cameron Oliver,2,23,6,3,1,1,1,0,0,0,0,0,25.0,12.5
Jaden McDaniels,70,647,293,79,52,54,80,75,0,0,0,0,872.5,12.46
Lonnie Walker IV,70,849,181,152,44,19,111,71,0,0,0,0,868.0,12.4
Nerlens Noel,25,85,141,23,30,31,0,20,0,0,0,0,308.5,12.34
Joe Harris,14,158,56,14,7,2,41,16,0,0,0,0,171.5,12.25
Braxton Key,11,79,50,11,10,11,6,11,0,0,0,0,134.5,12.23
Eric Gordon,57,765,113,154,28,18,124,107,0,0,0,0,696.5,12.22
Terry Taylor,33,318,172,41,14,8,12,23,0,0,2,0,401.0,12.15
Nickeil Alexander-Walker,65,692,187,156,46,23,105,93,0,0,2,0,788.5,12.13
Josh Richardson,65,666,185,115,56,29,102,66,0,0,0,0,788.0,12.12
Caleb Martin,60,551,230,64,58,30,64,52,0,0,1,0,726.5,12.11
Kenrich Williams,49,363,220,108,44,10,41,46,0,0,0,0,592.0,12.08
Patty Mills,81,923,156,183,51,17,227,73,0,0,0,0,977.0,12.06
Justin Holiday,74,749,190,128,57,33,177,70,0,0,0,0,891.0,12.04
Bones Hyland,69,698,188,191,41,20,131,86,0,0,1,0,830.5,12.04
Rui Hachimura,42,475,160,48,23,9,55,33,0,0,0,0,504.0,12.0
Jeremiah Robinson-Earl,49,366,274,49,29,15,58,39,0,0,3,0,587.0,11.98
Ayo Dosunmu,77,679,214,256,60,29,70,108,0,0,4,0,918.5,11.93
Devin Cannady,5,50,6,10,5,3,15,5,0,0,0,0,59.5,11.9
Goran Dragic,21,157,65,86,19,4,16,34,0,0,0,0,249.5,11.88
Isaiah Jackson,36,297,149,10,25,52,5,40,0,0,3,0,427.0,11.86
Garrison Mathews,65,650,190,64,57,24,139,41,0,0,0,0,769.5,11.84
Duncan Robinson,79,863,203,129,42,14,232,60,0,0,0,0,931.5,11.79
Terence Davis,30,311,94,40,25,11,49,33,0,0,0,0,353.0,11.77
Jaxson Hayes,70,654,315,43,33,55,20,54,0,0,4,0,821.0,11.73
Matisse Thybulle,66,379,151,75,115,71,45,39,0,0,0,0,771.0,11.68
Dwight Powell,82,717,404,97,37,39,13,64,0,0,2,0,956.0,11.66
Javonte Green,65,468,276,60,67,32,36,30,0,0,0,0,756.0,11.63
Gary Harris,61,679,122,108,59,9,116,61,0,0,0,0,702.5,11.52
D.J. Wilson,4,30,16,5,5,1,0,2,0,0,0,0,46.0,11.5
Cedi Osman,66,709,146,135,52,10,128,67,0,0,0,0,756.5,11.46
Andre Iguodala,31,124,100,114,27,22,17,28,0,0,0,0,354.5,11.44
Drew Eubanks,71,546,382,85,31,40,5,81,0,0,7,0,810.5,11.42
Daniel Theis,47,384,228,41,20,31,33,46,0,0,3,0,536.5,11.41
Max Strus,68,721,202,92,28,16,181,57,0,0,0,0,776.0,11.41
Damian Jones,56,454,246,69,26,47,10,59,0,0,2,0,636.0,11.36
Cory Joseph,65,521,174,237,42,17,65,85,0,0,0,0,737.0,11.34
Dwight Howard,60,372,356,35,34,36,8,47,0,0,5,0,679.0,11.32
Naz Reid,77,637,301,71,40,71,57,82,0,0,4,0,863.0,11.21
Tre Mann,60,625,171,91,47,12,98,71,0,0,0,0,670.5,11.18
Patrick Williams,17,153,69,15,9,9,15,16,0,0,1,0,189.0,11.12
Joe Ingles,45,325,131,158,23,5,78,46,0,0,0,0,500.5,11.12
Reggie Bullock Jr.,68,583,241,83,41,14,141,40,0,0,0,0,756.0,11.12
Isaac Okoro,67,588,201,121,56,22,55,58,0,0,0,0,741.5,11.07
Trendon Watford,48,364,199,81,25,28,9,44,0,0,2,0,530.5,11.05
Thaddeus Young,52,322,208,104,54,18,17,52,0,0,0,0,573.5,11.03
Gary Payton II,71,502,247,64,96,22,43,40,0,0,1,0,780.5,10.99
KJ Martin,79,696,297,101,34,40,60,60,0,0,2,0,866.0,10.96
Gabe Vincent,68,591,126,210,62,12,119,98,0,0,0,0,741.0,10.9
Rudy Gay,55,446,242,56,25,19,70,47,0,0,0,0,597.0,10.85
Grant Williams,77,602,274,78,38,57,106,62,0,0,1,0,835.0,10.84
Sekou Doumbouya,2,14,6,0,3,2,1,2,0,0,0,0,21.5,10.75
Amir Coffey,69,619,197,124,38,15,96,45,0,0,1,0,740.5,10.73
Dewayne Dedmon,67,422,386,47,24,42,19,70,0,0,3,0,718.5,10.72
Lindy Waters III,25,199,73,24,19,8,53,11,0,0,0,0,266.0,10.64
Greg Monroe,14,76,64,22,8,10,0,12,0,0,0,0,148.0,10.57
Obi Toppin,72,648,268,77,25,33,52,56,1,0,3,0,759.0,10.54
Lance Stephenson,46,384,127,165,24,4,27,72,0,0,3,0,484.5,10.53
Dennis Smith Jr.,37,206,88,132,45,12,6,51,0,0,0,0,389.0,10.51
Nemanja Bjelica,71,433,294,159,41,26,54,87,0,0,3,0,746.5,10.51
Justise Winslow,48,274,202,84,35,25,15,49,0,0,2,0,503.5,10.49
Shake Milton,55,450,142,139,28,17,43,44,0,0,0,0,573.5,10.43
Blake Griffin,56,359,228,105,27,14,38,31,0,0,1,0,583.5,10.42
John Konchar,72,349,329,109,45,22,52,29,0,0,3,1,748.5,10.4
Jeff Green,75,772,231,96,28,27,53,71,0,0,1,0,779.5,10.39
Moritz Wagner,63,564,232,87,20,13,66,56,0,0,3,0,647.0,10.27
Cam Reddish,49,497,105,48,47,15,66,57,0,0,0,0,501.5,10.23
Stanley Johnson,48,320,155,80,43,14,33,35,0,0,0,0,490.5,10.22
Torrey Craig,78,516,310,91,46,36,77,67,0,0,3,0,797.5,10.22
Ish Smith,65,410,140,244,47,23,25,78,0,0,1,0,664.5,10.22
Jose Alvarado,54,330,100,152,71,7,32,40,0,0,1,0,550.0,10.19
R.J. Hampton,64,489,194,158,42,13,64,87,0,0,0,0,651.5,10.18
Serge Ibaka,54,365,250,49,11,33,37,43,0,0,3,0,548.0,10.15
Doug McDermott,51,578,115,64,13,6,108,43,0,0,0,0,517.0,10.14
Delon Wright,77,342,220,188,93,19,44,45,0,0,0,0,780.0,10.13
Thomas Bryant,27,201,108,23,6,21,12,19,0,0,0,0,272.5,10.09
Terrence Ross,63,629,161,116,28,12,77,75,0,0,0,0,635.0,10.08
Mike Muscala,43,344,129,22,18,26,70,14,0,0,0,0,432.0,10.05
Rajon Rondo,39,186,108,170,30,6,31,68,0,0,1,0,391.5,10.04
Austin Reaves,61,444,193,110,29,20,53,40,0,0,1,1,612.5,10.04
Aaron Wiggins,50,416,178,68,30,10,42,54,0,0,0,0,501.0,10.02
Georges Niang,76,700,203,102,30,13,156,59,0,0,0,0,760.0,10.0
Goga Bitadze,50,349,177,55,21,42,23,46,0,0,2,0,500.0,10.0
Saben Lee,37,208,87,107,36,12,14,36,0,0,1,0,366.0,9.89
Justin Anderson,16,102,46,33,8,6,15,8,0,0,0,0,157.5,9.84
Facundo Campazzo,65,332,117,220,63,23,58,67,0,0,2,0,639.0,9.83
Melvin Frazier Jr.,3,32,13,1,1,0,1,3,0,0,0,0,29.5,9.83
Olivier Sarr,22,153,93,19,6,15,13,22,0,0,1,0,216.0,9.82
James Johnson,62,340,215,130,30,34,23,48,0,0,1,0,607.5,9.8
Bismack Biyombo,36,210,167,23,12,26,0,25,0,0,6,0,352.0,9.78
Vít Krejčí,30,187,101,57,19,8,32,29,0,0,1,0,293.5,9.78
JaMychal Green,67,432,281,59,43,26,33,57,0,0,1,0,654.5,9.77
Jonathan Kuminga,70,652,234,64,31,22,50,74,0,0,2,0,683.0,9.76
Danny Green,62,366,157,64,60,37,103,45,0,0,0,0,604.5,9.75
George Hill,54,334,155,120,42,6,41,41,0,0,0,0,517.5,9.58
Jeremy Lamb,56,410,154,81,31,22,55,37,0,0,0,0,536.5,9.58
Jordan Nwora,62,487,221,59,25,17,79,57,0,0,3,0,593.0,9.56
CJ Elleby,58,339,227,87,35,19,37,56,0,0,0,0,554.0,9.55
Raul Neto,70,526,134,217,55,3,35,79,0,0,0,0,668.5,9.55
Omer Yurtseven,56,299,294,49,17,20,1,41,0,0,8,0,534.0,9.54
Tre Jones,69,413,155,233,42,7,10,46,0,0,3,0,654.5,9.49
Corey Kispert,77,634,209,85,35,22,112,50,0,0,0,0,731.0,9.49
Ben McLemore,64,655,103,59,38,10,151,55,0,0,0,0,606.0,9.47
Jaylen Nowell,62,527,123,130,27,10,63,36,0,0,0,0,586.0,9.45
Josh Christopher,74,587,186,150,65,13,56,114,0,0,0,0,699.5,9.45
Tristan Thompson,57,344,288,34,23,21,1,45,0,0,1,0,538.5,9.45
Furkan Korkmaz,67,509,175,127,33,9,77,48,0,0,1,0,632.0,9.43
Frank Jackson,53,560,87,55,27,9,86,38,0,0,0,0,499.0,9.42
PJ Dozier,18,97,63,29,11,6,15,13,0,0,0,0,169.0,9.39
Isaiah Livers,19,121,57,21,13,7,27,15,0,0,1,0,178.0,9.37
Day'Ron Sharpe,32,198,160,17,10,15,2,30,0,0,2,0,299.0,9.34
Cameron McGriff,3,14,15,3,0,1,2,0,0,0,0,0,28.0,9.33
Derrick Favors,39,206,184,25,17,12,2,9,0,0,1,0,363.0,9.31
Hassani Gravett,8,50,21,20,5,1,11,9,0,0,0,0,74.5,9.31
Duane Washington Jr.,48,473,83,85,26,3,81,57,0,0,0,0,446.0,9.29
Alex Len,39,235,161,45,13,25,6,43,0,0,2,0,361.5,9.27
DeAndre Jordan,48,206,264,21,12,35,0,37,0,0,0,0,445.0,9.27
Damion Lee,63,467,203,63,39,6,63,38,0,0,0,0,583.0,9.25
Keon Johnson,37,267,81,76,28,12,34,46,0,0,0,0,341.5,9.23
Taj Gibson,52,229,229,32,22,40,15,27,0,0,0,0,480.0,9.23
Khem Birch,55,247,239,56,30,26,0,29,0,0,0,0,501.5,9.12
Theo Maledon,51,361,131,111,31,11,44,65,0,0,1,0,464.5,9.11
Kessler Edwards,48,284,172,31,29,24,48,42,0,0,1,0,434.0,9.04
Taurean Prince,69,502,174,68,47,23,86,53,0,0,0,0,623.0,9.03
Jared Harper,5,37,2,14,4,1,5,2,0,0,0,0,45.0,9.0
Landry Shamet,69,573,126,108,28,9,123,41,0,0,0,0,615.0,8.91
DeAndre' Bembry,56,284,163,66,49,25,15,31,0,0,0,0,495.5,8.85
Wes Iwundu,3,22,13,0,1,0,3,1,0,0,0,0,26.5,8.83
Jalen McDaniels,55,340,170,58,26,22,41,36,0,0,1,0,479.5,8.72
Ty Jerome,48,340,78,109,30,5,54,37,0,0,0,0,417.0,8.69
Ziaire Williams,62,501,129,65,35,12,76,41,0,0,0,0,535.5,8.64
Zeke Nnaji,41,270,147,17,16,13,37,23,0,0,0,0,352.5,8.6
Derrick Jones Jr.,51,286,169,30,25,33,20,30,0,0,0,0,438.0,8.59
Cam Thomas,67,570,161,78,33,8,47,55,0,0,0,0,574.5,8.57
Robin Lopez,36,254,126,54,2,18,2,44,0,0,3,0,307.0,8.53
Mamadi Diakite,13,56,59,2,5,9,0,7,0,0,0,0,110.0,8.46
Xavier Tillman,53,252,161,62,49,15,10,34,0,0,0,0,448.0,8.45
Aaron Holiday,63,400,122,153,42,9,39,67,0,0,0,0,529.5,8.4
Cody Zeller,27,140,125,22,8,6,0,19,0,0,0,0,226.0,8.37
David Nwaba,46,233,151,35,28,20,15,21,0,0,0,0,385.0,8.37
Xavier Moon,10,58,14,24,7,3,5,6,0,0,0,0,83.5,8.35
Garrett Temple,59,309,143,74,43,23,59,42,0,0,0,0,491.0,8.32
Josh Jackson,51,328,141,54,26,22,33,47,0,0,0,0,424.5,8.32
Chaundee Brown Jr.,5,31,16,4,2,0,6,1,0,0,0,0,41.5,8.3
Keita Bates-Diop,59,335,231,41,27,14,17,45,0,0,1,0,486.0,8.24
Dean Wade,51,269,150,52,29,7,51,16,0,0,1,0,419.0,8.22
Danuel House Jr.,42,248,111,44,21,17,44,33,0,0,0,0,344.0,8.19
Avery Bradley,62,394,136,47,53,9,82,38,0,0,0,0,507.0,8.18
Carsen Edwards,4,23,6,14,2,0,4,5,0,0,0,0,32.5,8.12
Isaiah Thomas,22,184,29,34,7,5,28,15,0,0,0,0,178.0,8.09
Jordan McLaughlin,62,233,94,180,57,10,27,38,0,0,1,0,501.0,8.08
Trevor Ariza,24,96,82,27,13,6,20,11,0,0,0,0,194.0,8.08
BJ Johnson,4,26,15,0,0,1,4,0,0,0,0,0,32.0,8.0
Quentin Grimes,46,275,94,44,31,11,72,28,0,0,0,0,367.5,7.99
David Duke Jr.,22,104,67,17,14,7,9,9,0,0,2,0,175.5,7.98
Payton Pritchard,71,442,134,139,25,6,101,41,0,0,0,0,565.5,7.96
Tomas Satoransky,55,198,126,184,29,5,11,46,0,0,1,0,437.5,7.95
Freddie Gillespie,9,21,36,5,3,9,0,5,0,0,0,0,70.5,7.83
Markieff Morris,17,129,45,23,6,1,13,20,0,0,0,0,133.0,7.82
Brandon Boston,51,343,111,51,26,13,34,31,0,0,0,0,397.5,7.79
Wenyen Gabriel,26,141,97,14,5,11,8,16,0,0,1,0,202.5,7.79
Joshua Primo,50,288,113,81,20,23,42,57,0,0,0,0,388.0,7.76
Mason Jones,4,27,10,4,2,0,1,1,0,0,0,0,31.0,7.75
Gabe York,2,8,2,4,2,1,1,1,0,0,0,0,15.5,7.75
Tremont Waters,3,10,4,7,5,0,2,4,0,0,0,0,23.0,7.67
Wayne Ellington,43,287,77,30,23,5,82,19,0,0,0,0,328.5,7.64
Austin Rivers,67,403,114,90,51,6,79,54,0,0,0,0,505.0,7.54
Bryn Forbes,75,663,93,75,25,5,122,56,0,0,0,0,564.5,7.53
Brandon Goodwin,36,171,67,91,25,1,19,36,0,0,1,0,270.0,7.5
Rayjon Tucker,5,21,8,10,4,0,4,1,0,0,0,0,37.5,7.5
Troy Brown Jr.,66,283,203,66,36,5,47,26,0,0,1,0,491.0,7.44
Greg Brown III,48,225,135,35,26,24,19,36,0,0,0,0,356.0,7.42
Naji Marshall,55,313,142,62,33,8,21,46,0,0,1,0,408.0,7.42
Lamar Stevens,63,383,164,44,31,18,18,41,0,0,0,0,465.5,7.39
Armoni Brooks,54,288,103,62,28,11,74,27,0,0,0,0,397.0,7.35
Luka Garza,32,186,100,20,9,6,16,18,0,0,2,0,235.0,7.34
Josh Green,67,319,161,79,45,14,28,44,0,0,1,0,488.5,7.29
Udoka Azubuike,17,80,71,0,1,11,0,12,0,0,1,0,124.0,7.29
Lou Williams,56,354,87,105,28,3,37,43,0,0,0,0,406.5,7.26
Gabriel Lundberg,4,13,7,11,3,0,3,3,0,0,0,0,29.0,7.25
Enes Freedom,35,128,160,8,5,14,2,20,0,0,2,0,253.0,7.23
Juan Toscano-Anderson,73,298,176,127,48,17,28,68,0,0,0,0,528.0,7.23
Maurice Harkless,47,217,112,23,29,24,31,31,0,0,1,0,335.0,7.13
Paul Millsap,33,115,114,29,10,13,8,19,0,0,0,0,231.5,7.02
Rodney McGruder,51,273,111,48,21,7,58,24,0,0,0,0,356.5,6.99
Trey Murphy III,62,334,147,38,23,7,71,16,0,0,0,0,431.5,6.96
Davon Reed,48,209,108,53,24,9,37,16,0,0,0,0,334.0,6.96
Jericho Sims,41,90,169,21,11,22,0,20,0,0,1,0,282.0,6.88
Marquese Chriss,34,154,103,17,13,12,8,17,0,0,0,0,234.0,6.88
Paul Watson,9,31,27,8,3,3,6,4,0,0,0,0,61.5,6.83
Davis Bertans,56,311,117,31,17,12,77,19,0,0,0,0,381.0,6.8
Kira Lewis Jr.,24,141,39,49,11,1,13,26,0,0,0,0,163.0,6.79
Usman Garuba,24,48,83,17,10,11,5,6,0,0,0,0,162.5,6.77
Kelan Martin,30,171,55,21,13,9,22,14,0,0,0,0,202.5,6.75
Georgios Kalaitzakis,13,86,21,12,11,2,10,20,0,0,0,0,87.0,6.69
Tyler Johnson,6,17,12,7,3,3,5,2,0,0,0,0,40.0,6.67
Paul Reed,38,116,92,16,33,14,2,10,0,0,0,0,251.0,6.61
Wesley Matthews,49,249,92,36,23,8,53,18,0,0,0,0,323.0,6.59
Cassius Stanley,9,52,19,4,5,2,4,6,0,0,0,0,59.0,6.56
Keifer Sykes,32,180,45,62,12,4,27,33,0,0,0,0,209.5,6.55
Devontae Cacok,15,46,42,6,8,7,0,3,0,0,0,0,98.0,6.53
Romeo Langford,48,218,108,21,22,16,29,16,0,0,0,0,312.5,6.51
Yuta Watanabe,38,163,92,21,11,16,27,19,0,0,2,0,245.0,6.45
Jock Landale,54,265,138,45,10,14,29,31,0,0,1,0,348.0,6.44
Brandon Knight,5,32,8,8,1,0,4,4,0,0,0,0,32.0,6.4
Jevon Carter,66,277,110,96,24,14,66,34,0,0,0,0,419.5,6.36
Malachi Flynn,44,189,63,70,20,4,30,13,0,0,0,0,277.5,6.31
Tony Bradley,55,163,186,27,10,33,0,34,0,0,0,0,346.5,6.3
Moses Brown,40,171,135,1,7,16,0,20,0,0,3,0,250.5,6.26
Gorgui Dieng,44,154,121,34,11,13,29,20,0,0,0,0,274.5,6.24
Cheick Diallo,3,11,12,0,1,0,0,1,0,0,0,0,18.5,6.17
Jamorko Pickett,13,50,32,7,0,7,13,5,0,0,0,0,79.5,6.12
D.J. Augustin,55,294,68,107,17,1,68,56,0,0,0,0,336.0,6.11
Charles Bassey,23,69,62,7,5,17,0,8,0,0,1,0,140.5,6.11
Brad Wanamaker,23,83,39,55,7,6,4,23,0,0,0,0,140.5,6.11
Santi Aldama,32,132,87,21,6,10,6,16,0,0,2,0,195.0,6.09
Sterling Brown,49,160,149,34,14,7,28,23,0,0,2,0,298.0,6.08
Killian Tillie,36,118,60,22,23,15,27,13,0,0,0,0,217.5,6.04
Micah Potter,3,12,9,0,1,1,0,1,0,0,0,0,18.0,6.0
Kent Bazemore,39,132,69,34,25,9,29,21,0,0,0,0,230.5,5.91
Juancho Hernangomez,40,131,100,20,14,10,24,16,0,0,0,0,229.5,5.74
Tim Frazier,12,39,19,34,3,1,6,15,0,0,0,0,68.5,5.71
Eric Paschall,58,334,106,36,9,5,40,27,0,0,0,0,330.0,5.69
Deividas Sirvydis,3,3,6,1,3,1,1,0,0,0,0,0,17.0,5.67
Ignas Brazdeikis,42,210,72,37,10,3,27,17,0,0,0,0,236.5,5.63
Frank Ntilikina,58,240,79,69,27,7,38,31,0,0,0,0,324.0,5.59
Svi Mykhailiuk,56,255,92,45,26,4,41,32,0,0,0,0,313.0,5.59
Elfrid Payton,50,150,88,99,25,6,4,47,0,0,0,0,279.0,5.58
Vlatko Čančar,15,62,31,17,2,3,7,9,0,0,0,0,83.5,5.57
Dalano Banton,64,205,124,99,28,10,13,53,0,0,0,0,355.0,5.55
Jabari Parker,12,53,28,6,4,1,8,8,0,0,0,0,66.5,5.54
Shaquille Harrison,2,4,4,3,1,1,0,2,0,0,0,0,11.0,5.5
Timothe Luwawu-Cabarrot,52,227,82,40,18,6,44,20,0,0,0,0,285.5,5.49
KZ Okpala,21,77,41,14,4,7,9,5,0,0,0,0,115.0,5.48
Trent Forrest,60,195,99,106,30,6,5,48,0,0,0,0,329.0,5.48
Malcolm Hill,19,72,35,8,7,3,13,3,0,0,0,0,102.5,5.39
Louis King,10,45,12,9,2,1,8,0,0,0,0,0,53.5,5.35
Gary Clark,38,101,90,18,13,7,28,10,0,0,0,0,202.5,5.33
James Ennis III,7,29,12,3,2,2,3,2,0,0,0,0,37.0,5.29
Tony Snell,53,187,103,28,16,9,45,19,0,0,0,0,278.0,5.25
Jared Butler,42,161,45,63,17,8,28,33,0,0,0,0,219.5,5.23
Sandro Mamukelashvili,41,154,82,22,9,9,22,15,0,0,1,0,214.0,5.22
Didi Louzada,9,35,17,5,2,2,9,5,0,0,0,0,47.0,5.22
Semi Ojeleye,30,98,74,9,7,6,15,9,0,0,0,0,156.5,5.22
Admiral Schofield,38,146,89,25,4,5,26,21,0,0,0,0,197.0,5.18
Nathan Knight,37,138,85,22,7,8,4,18,0,0,1,0,191.0,5.16
James Bouknight,31,142,52,26,7,1,17,15,0,0,0,0,158.5,5.11
Trevelin Queen,10,43,16,4,5,1,9,7,0,0,0,0,51.0,5.1
Anthony Gill,44,180,85,27,5,11,14,18,0,0,0,0,223.0,5.07
Elijah Hughes,36,126,58,22,14,8,25,17,0,0,0,0,182.5,5.07
Malik Newman,1,8,1,1,0,0,0,1,0,0,0,0,5.0,5.0
Jeff Dowtin Jr.,9,19,18,10,5,1,1,5,0,0,0,0,45.0,5.0
Chris Silva,10,26,36,7,0,1,0,8,0,0,0,0,50.0,5.0
Thanasis Antetokounmpo,48,171,101,22,16,12,2,26,0,0,0,0,239.5,4.99
Daishen Nix,24,77,33,40,15,0,7,26,0,0,0,0,119.0,4.96
Moses Moody,52,228,80,23,7,10,40,13,0,0,0,0,258.0,4.96
Trey Burke,42,214,33,57,12,0,26,26,0,0,0,0,208.0,4.95
Jarrett Culver,37,130,48,33,20,5,12,20,0,0,0,0,182.0,4.92
Tyler Cook,20,67,53,3,4,4,0,7,0,0,0,0,98.5,4.92
Lindell Wigginton,19,80,25,23,5,1,9,12,0,0,0,0,92.5,4.87
Langston Galloway,7,14,18,12,1,0,2,6,0,0,0,0,34.0,4.86
Neemias Queta,15,45,31,6,1,8,0,6,0,0,0,0,71.5,4.77
Mac McClung,2,8,3,1,1,1,1,3,0,0,0,0,9.5,4.75
Abdel Nader,14,34,27,7,8,4,4,11,0,0,0,0,66.0,4.71
Aaron Nesmith,52,196,89,22,20,5,31,31,0,0,0,0,243.5,4.68
Emanuel Terry,3,0,15,2,1,0,0,5,0,0,0,0,14.0,4.67
Rodney Hood,52,163,77,38,15,6,30,11,0,0,0,0,242.5,4.66
Aleem Ford,5,14,15,2,1,0,2,4,0,0,0,0,23.0,4.6
Matt Thomas,40,161,50,20,8,3,35,8,0,0,0,0,182.0,4.55
Josh Okogie,49,133,70,25,26,12,14,23,0,0,0,0,221.5,4.52
Daniel Oturu,3,9,5,0,0,2,0,0,0,0,0,0,13.5,4.5
Trevon Scott,2,6,2,0,1,1,0,0,0,0,0,0,9.0,4.5
Javonte Smart,17,51,24,16,6,3,8,11,0,0,0,0,76.5,4.5
Mychal Mulder,17,69,24,5,4,2,17,8,0,0,0,0,76.0,4.47
Alfonzo McKinnie,17,59,33,5,2,3,9,7,0,0,0,0,75.0,4.41
Luke Kornet,15,30,29,9,3,3,0,0,0,0,0,0,65.0,4.33
Keljin Blevins,31,95,45,19,13,1,21,17,0,0,0,0,133.0,4.29
Kyle Guy,19,74,17,17,7,1,14,13,0,0,0,0,81.0,4.26
Marcus Garrett,12,13,23,7,5,3,1,2,0,0,0,0,51.0,4.25
Denzel Valentine,24,69,42,11,8,0,19,12,0,0,0,0,101.0,4.21
Nick Richards,50,150,86,13,9,21,0,24,0,0,0,0,210.0,4.2
Sam Merrill,6,25,7,4,0,0,7,2,0,0,0,0,25.0,4.17
Justin Robinson,25,78,21,32,9,1,18,17,0,0,0,0,104.0,4.16
Isaiah Joe,55,198,56,35,14,3,45,19,0,0,0,0,227.5,4.14
Dylan Windler,50,110,89,34,14,3,21,16,0,0,0,0,206.5,4.13
Tyrone Wallace,6,17,8,1,3,1,2,2,0,0,0,0,24.5,4.08
Chris Chiozza,34,67,36,65,13,0,17,32,0,0,0,0,137.0,4.03
Miles McBride,40,89,42,41,14,1,17,5,0,0,0,0,161.0,4.03
Justin Champagnie,36,81,72,11,8,4,10,8,0,0,0,0,144.5,4.01
Theo Pinson,19,48,21,17,5,2,10,5,0,0,0,0,76.0,4.0
Juwan Morgan,2,5,4,1,0,0,1,0,0,0,0,0,8.0,4.0
Matt Ryan,1,3,0,0,1,0,1,0,0,0,0,0,4.0,4.0
Bruno Fernando,30,88,55,7,1,11,1,14,0,0,2,0,118.5,3.95
Willie Cauley-Stein,20,34,40,10,6,3,1,7,0,0,0,0,78.5,3.92
Solomon Hill,13,8,23,12,4,2,2,1,0,0,0,0,51.0,3.92
JT Thor,33,67,43,19,8,11,7,10,0,0,0,0,127.0,3.85
Alize Johnson,23,41,61,9,5,0,0,12,0,0,0,0,88.5,3.85
Ish Wainright,45,108,54,15,20,6,19,13,0,0,0,0,171.5,3.81
Kevin Knox II,30,93,44,10,4,2,15,7,0,0,0,0,113.0,3.77
Craig Sword,3,6,0,1,4,0,0,1,0,0,0,0,11.0,3.67
Tacko Fall,11,12,23,2,0,6,0,3,0,0,0,0,40.0,3.64
Boban Marjanovic,23,98,39,3,0,3,1,15,0,0,0,0,82.5,3.59
Vernon Carey Jr.,7,20,12,0,2,1,0,3,0,0,0,0,25.0,3.57
Paris Bass,2,6,4,0,1,0,0,2,0,0,0,0,7.0,3.5
Jemerrio Jones,2,4,3,0,1,0,0,0,0,0,0,0,7.0,3.5
Charlie Brown Jr.,22,30,32,6,10,4,1,5,0,0,0,0,76.5,3.48
Markus Howard,31,126,12,7,9,0,28,7,0,0,0,0,107.0,3.45
Udonis Haslem,13,32,25,4,1,1,1,5,0,0,0,0,44.5,3.42
Haywood Highsmith,19,43,26,6,2,3,9,3,0,0,0,0,65.0,3.42
Ed Davis,31,28,64,7,3,9,0,5,0,0,0,0,104.0,3.35
Devon Dotson,11,29,9,15,1,0,2,5,0,0,0,0,36.5,3.32
Sam Hauser,26,65,29,10,1,2,19,2,0,0,0,0,85.0,3.27
Emmanuel Mudiay,2,3,0,4,1,0,0,1,0,0,0,0,6.5,3.25
Skylar Mays,28,80,25,17,7,0,8,10,0,0,1,0,91.0,3.25
Jay Scrubb,18,49,16,8,4,3,6,7,0,0,0,0,58.5,3.25
Eugene Omoruyi,4,7,7,2,0,0,1,0,0,0,0,0,13.0,3.25
Quinndary Weatherspoon,11,30,14,5,1,1,1,3,0,0,0,0,35.5,3.23
Bol Bol,14,33,20,5,1,2,1,4,0,0,0,0,44.0,3.14
Jake Layman,34,81,36,9,7,5,8,10,0,0,0,0,103.5,3.04
Isaiah Todd,12,20,12,4,4,2,4,4,0,0,0,0,36.0,3.0
Norvel Pelle,3,6,6,0,0,1,0,2,0,0,0,0,9.0,3.0
Darren Collison,3,4,4,2,1,0,0,1,0,0,0,0,9.0,3.0
MJ Walker,2,0,1,1,2,0,0,0,0,0,0,0,6.0,3.0
Gabriel Deck,7,18,6,5,1,0,2,2,0,0,0,0,21.0,3.0
Jaden Springer,2,2,2,0,0,2,0,1,0,0,0,0,6.0,3.0
Jordan Bell,1,0,1,0,1,0,0,0,0,0,0,0,3.0,3.0
Javin DeLaurier,1,0,1,0,1,0,0,0,0,0,0,0,3.0,3.0
Jordan Schakel,4,5,8,0,1,0,1,1,0,0,0,0,12.0,3.0
Jahmi'us Ramsey,19,60,13,7,1,1,5,5,0,0,0,0,51.5,2.71
Jalen Johnson,22,52,26,3,3,2,3,9,0,0,0,0,57.5,2.61
Kevin Pangos,24,39,11,30,3,0,6,7,0,0,0,0,62.5,2.6
Leandro Bolmaro,35,50,43,21,6,0,5,13,0,0,0,0,90.5,2.59
Brodric Thomas,12,21,10,11,1,1,2,6,0,0,0,0,30.5,2.54
Yves Pons,12,13,12,1,1,4,3,1,0,0,0,0,30.0,2.5
Joe Wieskamp,29,61,14,9,4,3,14,2,0,0,0,0,72.5,2.5
Damyean Dotson,2,4,2,1,0,0,0,0,0,0,0,0,5.0,2.5
Shaq Buchanan,2,2,2,2,1,0,0,2,0,0,0,0,5.0,2.5
Justin Jackson,7,15,7,2,0,0,3,1,0,0,0,0,17.0,2.43
Moses Wright,4,5,3,2,0,1,0,0,0,0,0,0,9.5,2.38
Isaac Bonga,15,12,7,4,8,2,1,2,0,0,0,0,35.5,2.37
Marko Simonovic,9,17,10,0,1,1,1,2,0,0,0,0,21.0,2.33
Malik Fitts,15,21,17,5,0,0,5,2,0,0,0,0,33.0,2.2
Ryan Arcidiacono,10,16,8,4,1,0,4,3,0,0,0,0,21.0,2.1
Scotty Hopson,1,4,1,1,0,0,0,2,0,0,0,0,2.0,2.0
Rob Edwards,2,3,3,0,0,0,1,1,0,0,0,0,4.0,2.0
Jay Huff,4,0,4,1,1,1,0,1,0,0,0,0,8.0,2.0
Nik Stauskas,8,18,3,2,0,0,4,1,0,0,0,0,15.0,1.88
Petr Cornelie,13,14,14,3,1,1,1,4,0,0,0,0,24.5,1.88
Cassius Winston,7,14,1,7,0,0,2,3,0,0,0,0,13.0,1.86
Ruben Nembhard Jr.,14,15,7,12,1,0,0,3,0,0,0,0,25.5,1.82
Carlik Jones,5,4,3,5,1,0,0,3,0,0,0,0,9.0,1.8
Robert Woodard II,12,7,11,3,1,1,1,1,0,0,0,0,21.0,1.75
Scottie Lewis,2,1,0,1,1,0,0,0,0,0,0,0,3.5,1.75
Wayne Selden,3,5,1,1,0,0,1,0,0,0,0,0,5.0,1.67
Cat Barber,3,0,3,3,0,0,0,1,0,0,0,0,5.0,1.67
Jon Teske,3,0,2,1,1,0,0,0,0,0,0,0,5.0,1.67
Jarron Cumberland,3,2,3,1,0,0,0,0,0,0,0,0,5.0,1.67
Dakota Mathias,6,6,2,1,1,0,2,0,0,0,0,0,9.0,1.5
Anthony Lamb,2,0,1,2,0,0,0,0,0,0,0,0,3.0,1.5
Feron Hunt,2,0,1,1,1,0,0,1,0,0,0,0,3.0,1.5
Myles Powell,11,13,6,3,1,0,1,3,0,0,0,0,15.0,1.36
Jaylen Morris,3,2,2,2,0,0,0,1,0,0,0,0,4.0,1.33
DaQuan Jeffries,3,2,2,1,0,0,0,0,0,0,0,0,4.0,1.33
Kai Jones,21,22,11,4,1,2,1,6,0,0,0,0,26.5,1.26
Joel Ayayi,7,2,3,4,0,0,0,0,0,0,0,0,8.0,1.14
George King,4,1,5,0,0,0,0,1,0,0,0,0,4.5,1.12
Xavier Sneed,9,5,6,1,0,0,1,0,0,0,0,0,10.0,1.11
Matt Mooney,1,0,0,0,1,0,0,1,0,0,0,0,1.0,1.0
Ahmad Caver,1,2,0,0,0,0,0,0,0,0,0,0,1.0,1.0
Joe Johnson,1,2,0,0,0,0,0,0,0,0,0,0,1.0,1.0
McKinley Wright IV,5,5,0,3,0,0,1,1,0,0,0,0,5.0,1.0
Jaysean Paige,1,0,1,1,0,0,0,1,0,0,0,0,1.0,1.0
Trayvon Palmer,1,0,2,0,0,0,0,1,0,0,0,0,1.0,1.0
Miye Oni,16,5,7,5,0,0,1,1,0,0,0,0,14.0,0.88
Chandler Hutchison,6,4,5,2,0,0,0,4,0,0,0,0,5.0,0.83
Sharife Cooper,13,7,5,5,0,0,1,5,0,0,0,0,9.0,0.69
Aaron Henry,6,2,1,0,0,2,0,2,0,0,0,0,4.0,0.67
Tyrell Terry,2,2,0,0,0,0,0,0,0,0,0,0,1.0,0.5
JaQuori McLaughlin,4,0,0,2,0,0,0,0,0,0,0,0,2.0,0.5
Jordan Goodwin,2,0,1,0,0,0,0,0,0,0,0,0,1.0,0.5
Zylan Cheatham,1,0,0,0,0,0,0,0,0,0,0,0,0.0,0.0
Arnoldas Kulboka,2,0,0,0,0,0,0,0,0,0,0,0,0.0,0.0
Jaime Echenique,1,0,0,0,0,0,0,0,0,0,0,0,0.0,0.0
CJ Miles,1,0,0,0,0,0,0,0,0,0,0,0,0.0,0.0
Ade Murkey,1,0,0,0,0,0,0,0,0,0,0,0,0.0,0.0
Tyler Hall,1,0,0,0,0,0,0,0,0,0,0,0,0.0,0.0
David Johnson,2,0,0,0,0,0,0,0,0,0,0,0,0.0,0.0
DeJon Jarreau,1,0,0,0,0,0,0,0,0,0,0,0,0.0,0.0
Sam Dekker,1,0,0,0,0,0,0,0,0,0,0,0,0.0,0.0
Nate Hinton,2,0,0,0,0,0,0,1,0,0,0,0,-1.0,-0.5
